{
  "project_info": {
    "project_number": "838491456029",
    "firebase_url": "https://semdam-1087-default-rtdb.firebaseio.com",
    "project_id": "semdam-1087",
    "storage_bucket": "semdam-1087.firebasestorage.app"
  },
  "client": [
    {
      "client_info": {
        "mobilesdk_app_id": "1:838491456029:android:551a898c8813e5954b3cf4",
        "android_client_info": {
          "package_name": "ro.ase.semdam_1087"
        }
      },
      "oauth_client": [],
      "api_key": [
        {
          "current_key": "AIzaSyB3IDJQYUbTwF-Ic0y2OCtfIbBLsHveM1k"
        }
      ],
      "services": {
        "appinvite_service": {
          "other_platform_oauth_client": []
        }
      }
    }
  ],
  "configuration_version": "1"
}