{
  "project_info": {
    "project_number": "401374065154",
    "firebase_url": "https://semdam-1088-default-rtdb.firebaseio.com",
    "project_id": "semdam-1088",
    "storage_bucket": "semdam-1088.firebasestorage.app"
  },
  "client": [
    {
      "client_info": {
        "mobilesdk_app_id": "1:401374065154:android:77884b009e6f6576f5ed1b",
        "android_client_info": {
          "package_name": "ro.ase.semdam_1088"
        }
      },
      "oauth_client": [],
      "api_key": [
        {
          "current_key": "AIzaSyBPGV6fBrwUvcYmfoZK1J-jZAPHkfLCYyk"
        }
      ],
      "services": {
        "appinvite_service": {
          "other_platform_oauth_client": []
        }
      }
    }
  ],
  "configuration_version": "1"
}